accesses,N,Bit,Z,PL,seed,workflow_mode,bucket_statistical_distance,random_vs_random_distance,random_vs_fixed_distance,client1_stash_size,client2_stash_size,client3_stash_size,elapsed_seconds
10,128,8,4,12,10,both,0.630769230769,0.630769230769,0.661538461538,0,0,0,0
100,128,8,4,12,10,both,0.232307692308,0.232307692308,0.248461538462,0,0,0,0.0016758
1000,128,8,4,12,10,both,0.0673846153846,0.0673846153846,0.0768461538462,0,0,0,0.0179635
10000,128,8,4,12,10,both,0.0247,0.0247,0.0214307692308,0,0,0,0.155595
100000,128,8,4,12,10,both,0.00746076923077,0.00746076923077,0.00764,0,0,0,1.47869
1000000,128,8,4,12,10,both,0.00226692307692,0.00226692307692,0.00237692307692,0,0,0,14.6671
10000000,128,8,4,12,10,both,0.000711823076923,0.000711823076923,0.000654807692308,0,0,0,154.543
