accesses,N,Bit,Z,PL,seed,workflow_mode,bucket_statistical_distance,random_vs_random_distance,random_vs_fixed_distance,client1_stash_size,client2_stash_size,client3_stash_size,elapsed_seconds
10,128,8,4,14,10,both,0.58,0.58,0.573333333333,0,0,0,0.0005506
100,128,8,4,14,10,both,0.215333333333,0.215333333333,0.213333333333,0,0,0,0.0021861
1000,128,8,4,14,10,both,0.077,0.077,0.0733333333333,0,0,0,0.0199563
10000,128,8,4,14,10,both,0.0244866666667,0.0244866666667,0.02416,0,0,0,0.202557
100000,128,8,4,14,10,both,0.00801933333333,0.00801933333333,0.010634,0,0,0,1.99474
1000000,128,8,4,14,10,both,0.00221686666667,0.00221686666667,0.00789233333333,0,0,0,19.5049
10000000,128,8,4,14,10,both,0.000694646666667,0.000694646666667,0.00783342666667,0,0,0,223.612
